"fc";"pval.fc.fdr"
"ENSG00000004776.13";-3.02;0.00735781463820133
"ENSG00000004799.8";-2.53;0.00421383487542513
"ENSG00000005073.6";5.57;0.000423578314825618
"ENSG00000005249.13";-1.75;0.00186636568316902
"ENSG00000006747.15";-1.88;0.00641733148945903
"ENSG00000007038.11";3.55;0.00585800796475531
"ENSG00000008300.17";2.67;5.91596708671685e-05
"ENSG00000011426.11";1.87;0.000106363186594461
"ENSG00000011465.18";-1.58;0.00152209095579272
"ENSG00000013588.9";2.14;0.0012022588967247
"ENSG00000016082.15";-1.51;0.00253021462903818
"ENSG00000018625.15";-3.19;0.00153525174230011
"ENSG00000019102.12";-2.41;0.00664736355485561
"ENSG00000022267.19";-2.88;0.0025075945101885
"ENSG00000024526.17";1.57;0.00140910147988553
"ENSG00000025708.14";1.67;0.00624975694386426
"ENSG00000029993.15";1.86;0.000535461529596318
"ENSG00000036672.16";-2.34;0.00104075306893418
"ENSG00000037965.6";3.75;0.000475657338944525
"ENSG00000038945.15";1.89;0.000672510619759715
"ENSG00000043355.12";3.89;0.000272284370506701
"ENSG00000046653.15";-2.85;0.00238115019712335
"ENSG00000048342.17";-1.51;0.0028059626407491
"ENSG00000048462.11";-2.41;0.00567230722859782
"ENSG00000049246.14";-1.64;0.000325169553178166
"ENSG00000049249.9";1.74;0.00113318184816152
"ENSG00000049768.16";1.59;0.000500071000737046
"ENSG00000050030.16";-2.97;0.00027722164097379
"ENSG00000050344.9";2.31;1.99301700248339e-06
"ENSG00000050628.20";-1.93;0.00183451475362416
"ENSG00000050767.17";-1.58;0.000472718389053649
"ENSG00000051180.17";1.5;4.89600560680083e-06
"ENSG00000051341.14";1.56;0.000305136857637192
"ENSG00000053328.8";-2.82;0.00444721054542152
"ENSG00000054598.9";1.63;0.00578441421087025
"ENSG00000056736.10";2.11;0.00272087028621621
"ENSG00000058866.15";-1.94;0.0098951573857884
"ENSG00000060718.22";5.48;0.00166077448023212
"ENSG00000064205.10";-2.53;0.000595362978424428
"ENSG00000065320.9";-1.85;0.00234704099006066
"ENSG00000065325.13";-2.01;0.000663918192548808
"ENSG00000065328.17";2.14;8.39667403089138e-06
"ENSG00000065534.19";-2.48;0.00989132918298813
"ENSG00000065609.14";-2.1;0.00462377323595618
"ENSG00000066279.18";1.82;4.9082661789576e-05
"ENSG00000066629.18";-1.92;0.00492787077359311
"ENSG00000067840.12";-2.44;0.00266091072830914
"ENSG00000068489.13";1.62;2.01682131176519e-05
"ENSG00000068615.19";-2.48;0.00176782109544128
"ENSG00000068650.18";1.61;1.68908517231181e-05
"ENSG00000068976.14";-3.06;0.00508226157249041
"ENSG00000069535.14";-1.81;0.00044798314628839
"ENSG00000069702.11";-1.82;0.00127565155787149
"ENSG00000070193.5";-2.21;0.00961667189146759
"ENSG00000070808.16";-2.8;0.00590550663137814
"ENSG00000071205.12";-1.75;0.000471962821924746
"ENSG00000071539.14";2.17;3.43231756989547e-05
"ENSG00000071967.12";-1.88;0.00465985308415027
"ENSG00000071991.9";-2.62;0.00422055709111429
"ENSG00000072133.11";-2.83;2.84908119380354e-09
"ENSG00000072163.20";-2.19;0.00819038881225168
"ENSG00000072195.15";-2.45;0.00764647509123239
"ENSG00000073711.11";-1.54;5.35963487016386e-05
"ENSG00000073712.15";-2.08;0.00781546356430616
"ENSG00000075218.19";1.95;8.55121006383222e-06
"ENSG00000075702.18";1.98;1.2070196888411e-06
"ENSG00000076382.17";1.65;3.10748309797445e-05
"ENSG00000076555.15";-1.8;0.00024006134075618
"ENSG00000077152.11";1.61;1.09679798876996e-05
"ENSG00000077157.22";-2.19;0.00960062306639448
"ENSG00000078098.14";2.65;0.000500777192088016
"ENSG00000078549.15";-3.45;0.00141810774863316
"ENSG00000080224.17";-3.82;0.0058642422428592
"ENSG00000080293.10";-2.31;0.000253817218727571
"ENSG00000080986.13";1.85;0.000410428311659692
"ENSG00000082175.15";-2.81;0.0042141523983122
"ENSG00000082684.16";1.94;0.000438941326768521
"ENSG00000085840.13";1.5;2.05924436807601e-05
"ENSG00000085999.13";1.77;1.08171422476661e-05
"ENSG00000086300.16";2.07;0.000173501156736898
"ENSG00000087116.16";2.4;2.24752001415292e-05
"ENSG00000087586.18";1.84;7.23908421352959e-05
"ENSG00000088305.18";1.93;0.00746600971368456
"ENSG00000088325.16";2.18;6.59318331648463e-06
"ENSG00000088538.13";-2.14;0.00187970202774088
"ENSG00000088543.15";-1.71;0.00081519425607534
"ENSG00000088836.14";1.66;0.0081744999659529
"ENSG00000088882.8";2.16;0.000317061875769252
"ENSG00000089250.19";-2.35;0.00939413469026675
"ENSG00000090530.10";-1.61;0.000302121192923406
"ENSG00000090889.12";2.02;1.42028132775381e-05
"ENSG00000091436.17";-2.1;0.00839805945619034
"ENSG00000091622.16";-2.01;0.000980524571467902
"ENSG00000091651.9";1.63;1.0117808510361e-05
"ENSG00000092009.10";-2.11;0.00271108663322774
"ENSG00000092068.20";-1.81;0.000126306170801663
"ENSG00000092096.18";-1.85;0.00373866194251325
"ENSG00000092853.14";2.25;1.04051061753508e-06
"ENSG00000093009.11";1.5;1.81203718452847e-05
"ENSG00000094804.12";2.37;0.0081862194090836
"ENSG00000095303.17";-1.74;4.00765256758085e-05
"ENSG00000095637.22";-2.47;0.00431649665353518
"ENSG00000095752.7";2.96;0.00624246851931027
"ENSG00000095970.17";3.01;8.37601151583923e-05
"ENSG00000099377.14";1.62;0.000767976687018791
"ENSG00000099953.10";4;0.000305136857637192
"ENSG00000099958.15";-2.05;0.00774423954004225
"ENSG00000100095.19";-2.26;0.000502850716556761
"ENSG00000100146.18";-2.31;0.00498935504796283
"ENSG00000100181.22";-1.85;0.000561339023951818
"ENSG00000100307.13";-1.57;0.00146449600350045
"ENSG00000100526.20";1.61;0.000239249378227614
"ENSG00000100628.12";-2.07;0.0034432638597424
"ENSG00000100842.13";-1.76;0.00198006406840158
"ENSG00000100884.9";-2.15;0.00270973083220666
"ENSG00000100985.7";1.99;0.0069674941134496
"ENSG00000101003.10";1.69;2.05924436807601e-05
"ENSG00000101057.16";2.15;7.95028203968258e-06
"ENSG00000101104.13";2.05;0.000309721720459086
"ENSG00000101187.16";1.5;0.00270951941795916
"ENSG00000101194.18";1.57;0.00109654270965205
"ENSG00000101224.17";1.81;0.000116831644743497
"ENSG00000101255.11";2.02;0.00156907706569763
"ENSG00000101335.10";-2.51;0.00918509104255524
"ENSG00000101349.17";-2.1;0.00810614603322629
"ENSG00000101412.13";1.93;8.55121006383222e-06
"ENSG00000101670.12";1.86;0.00104197614768765
"ENSG00000101825.8";1.88;0.00911967239308753
"ENSG00000101842.14";-2.3;0.00801104807734994
"ENSG00000101938.15";-2.27;0.00689065252332824
"ENSG00000102265.12";1.68;2.5939404195235e-05
"ENSG00000102349.18";-1.87;0.00666826408567901
"ENSG00000102383.14";-1.63;0.000292160548712935
"ENSG00000102384.13";1.74;4.42711759434941e-05
"ENSG00000102409.10";-2.02;9.8636794767552e-05
"ENSG00000102547.19";-2.18;0.00011214280671327
"ENSG00000102683.8";-3.25;0.00198918812334342
"ENSG00000103034.14";-2.08;0.00394776006020137
"ENSG00000103241.7";-1.86;0.00509197996587275
"ENSG00000103253.19";1.72;0.00311027310661559
"ENSG00000103888.17";3.54;0.00866807225852428
"ENSG00000104059.4";-2.37;0.00525649522951405
"ENSG00000104332.12";-2.72;0.000402441378010483
"ENSG00000104722.14";-3.65;0.00866690133923159
"ENSG00000104833.12";-2.56;0.00789546655657736
"ENSG00000104899.8";3.42;0.000623567453823604
"ENSG00000104951.16";1.9;0.001006206732842
"ENSG00000105270.15";-2.1;0.00715469220528611
"ENSG00000105327.18";1.51;3.43231756989547e-05
"ENSG00000105464.3";3.11;6.36142567148643e-05
"ENSG00000105641.4";-3.46;0.0026211214023168
"ENSG00000105717.14";1.59;0.00574228388099121
"ENSG00000105737.9";-2.29;0.00827486640707003
"ENSG00000105877.18";-1.75;0.00371535351698831
"ENSG00000105894.12";-2.44;0.000604952346028612
"ENSG00000105963.15";1.6;6.71870289897728e-05
"ENSG00000105974.13";-1.76;0.00552387584098095
"ENSG00000105976.16";1.5;0.00138806021904304
"ENSG00000105989.10";4.33;9.95882083729313e-05
"ENSG00000106031.9";3.39;0.000321541769568024
"ENSG00000106034.18";-2.33;0.00342679330348929
"ENSG00000106278.12";-1.56;3.90312229592674e-05
"ENSG00000106366.9";2.05;0.00902955182797937
"ENSG00000106397.12";1.55;0.000812423052713729
"ENSG00000106483.12";2.95;0.0037726593338867
"ENSG00000106484.16";1.77;1.09679798876996e-05
"ENSG00000106809.11";-1.77;0.00753991988076747
"ENSG00000106853.20";-1.88;0.00107803037804302
"ENSG00000107186.17";-1.69;0.00644674535457648
"ENSG00000107295.10";-4.58;0.00108855057588301
"ENSG00000107518.18";-2.21;0.00226450005630925
"ENSG00000107593.17";2.34;0.000379651260465937
"ENSG00000107807.13";2.43;0.000482952275508483
"ENSG00000108018.15";-2.86;0.000398470689510491
"ENSG00000108231.14";-2.54;0.000282586526033963
"ENSG00000108242.13";-1.77;0.00174665740700021
"ENSG00000108381.11";-2.47;1.08066673925273e-06
"ENSG00000108602.18";-3.16;0.00056672395806585
"ENSG00000108821.14";2.84;8.87154120227158e-05
"ENSG00000108823.16";-2.37;0.00789238103103104
"ENSG00000108852.15";-1.73;0.00448754945218063
"ENSG00000108924.14";-3.43;0.00099981933510069
"ENSG00000109107.14";-1.51;0.00045297600526135
"ENSG00000109182.12";-3.49;0.00702690668595234
"ENSG00000109339.24";-1.76;0.00160122512402188
"ENSG00000109738.11";-1.92;0.00464649223919443
"ENSG00000109805.10";1.57;0.000165969734929622
"ENSG00000109846.9";-2.34;0.000879131014424027
"ENSG00000109906.14";-2.74;0.00407482240016612
"ENSG00000110148.10";-4;0.00129617896867268
"ENSG00000111012.10";1.95;0.000723825419403176
"ENSG00000111206.13";1.85;6.30191277461224e-06
"ENSG00000111247.15";1.7;3.20973622632222e-06
"ENSG00000111249.14";-2.27;0.00163480295711487
"ENSG00000111404.7";-2.01;0.000859146695418097
"ENSG00000111602.12";1.53;2.80449967801129e-05
"ENSG00000111863.13";-1.51;0.00913316850374163
"ENSG00000112175.8";-2.36;0.00240736336601719
"ENSG00000112186.12";-2.41;0.00838604404361468
"ENSG00000112276.14";-2.59;0.00407814618291916
"ENSG00000112320.12";-1.6;0.00827931135813591
"ENSG00000112425.16";-1.86;0.00361361082701008
"ENSG00000112742.10";1.6;6.04895538581925e-05
"ENSG00000112761.21";2.7;0.00316945817730328
"ENSG00000112877.8";1.52;2.05312982096481e-05
"ENSG00000112964.14";-2.49;0.000176740211111528
"ENSG00000112981.5";-1.92;0.0010910687665447
"ENSG00000112984.12";1.68;0.000163526389526286
"ENSG00000113389.16";-2.5;0.00512622959685248
"ENSG00000113749.7";-1.94;0.00331887418559976
"ENSG00000113946.4";2.26;0.00473859508969324
"ENSG00000114166.8";-1.56;1.65815798187133e-05
"ENSG00000114346.14";1.95;0.000108407940450289
"ENSG00000114790.13";-2.48;0.00247237758367478
"ENSG00000115163.15";1.69;3.86604476161176e-05
"ENSG00000115295.20";-1.68;0.000222986854616508
"ENSG00000115353.11";-1.57;0.000846858847676027
"ENSG00000115361.8";-2.6;0.000136890251791334
"ENSG00000115507.10";2.3;6.88713959670528e-05
"ENSG00000115556.14";-3.6;0.00147763123785683
"ENSG00000115665.9";-4.27;0.00276986086198247
"ENSG00000115705.22";-1.55;0.00905399723755694
"ENSG00000115896.16";-1.91;0.00422278535889302
"ENSG00000116176.6";-2.47;0.00598052656380825
"ENSG00000116194.13";-3.04;0.00383038269553133
"ENSG00000116741.8";-1.83;0.000313281561592111
"ENSG00000116748.21";-2.76;0.00209811049695318
"ENSG00000116983.13";-3.5;0.000943409159173014
"ENSG00000117122.14";2.04;0.000489086111793749
"ENSG00000117399.14";1.54;1.81203718452847e-05
"ENSG00000117586.11";1.53;0.00207256501193329
"ENSG00000117650.13";2;1.52439304610493e-05
"ENSG00000117724.13";2.07;1.13849403649062e-05
"ENSG00000117877.11";1.53;4.28733132716607e-05
"ENSG00000118160.14";-2.57;0.00722905874315164
"ENSG00000118193.12";2.39;2.23306615694837e-05
"ENSG00000118298.12";-1.57;0.00648275782053608
"ENSG00000118407.15";-2.51;0.00827476989975939
"ENSG00000118513.19";1.8;0.000261913359552347
"ENSG00000118596.12";-1.61;0.000121135874528021
"ENSG00000118785.14";3.33;0.0056552320513407
"ENSG00000118985.16";-1.65;1.85266452762822e-05
"ENSG00000119138.4";-1.77;0.000723944394449239
"ENSG00000119147.10";-3.87;0.00802944508736098
"ENSG00000119938.9";-2.72;0.00579755410628543
"ENSG00000119969.15";1.69;1.08066673925273e-06
"ENSG00000120129.6";-1.52;0.00255755425504412
"ENSG00000120254.16";1.87;7.22095612497223e-05
"ENSG00000120440.15";1.99;0.00422218828968333
"ENSG00000120659.15";2.37;0.000236149436970219
"ENSG00000120693.14";-1.94;0.00166310479053212
"ENSG00000120907.18";-1.87;5.29209695460479e-05
"ENSG00000121152.10";1.72;3.10748309797445e-05
"ENSG00000121413.13";-1.74;0.000645747020994798
"ENSG00000121440.15";-2;0.00266777262497961
"ENSG00000121621.7";1.82;2.05312982096481e-05
"ENSG00000122012.14";-2.23;0.00502397692989939
"ENSG00000122367.20";-3.12;0.00468665212369913
"ENSG00000122585.8";-3.39;0.00661128015088649
"ENSG00000122641.11";3;4.00416193843163e-05
"ENSG00000122733.12";-1.59;0.00268821770052241
"ENSG00000122824.11";-2.42;0.00204093079145485
"ENSG00000123119.12";-3.34;0.00562657142669459
"ENSG00000123201.14";2.45;0.00254470177304782
"ENSG00000123243.15";-1.73;0.00519811201419162
"ENSG00000123388.4";4.95;3.90798000778974e-06
"ENSG00000123473.16";2.04;1.01389444395287e-05
"ENSG00000123485.12";2.01;4.02105635667514e-06
"ENSG00000123500.10";6.54;0.000101344073512944
"ENSG00000123560.14";-3.84;0.00267571042134675
"ENSG00000123570.4";-2.39;0.00185235487633507
"ENSG00000124374.9";-1.8;1.37526976727716e-05
"ENSG00000124440.16";-2.5;0.00671059603495625
"ENSG00000124491.16";-1.68;7.56272821920592e-05
"ENSG00000124701.5";-3.21;0.000708563334450047
"ENSG00000124749.17";-2.24;0.00593178738806383
"ENSG00000124766.7";1.56;2.62598940845447e-05
"ENSG00000125285.6";-3.24;0.000443634124623019
"ENSG00000125355.16";-1.59;0.00156781723999194
"ENSG00000125398.8";1.56;2.28982916150205e-06
"ENSG00000125508.3";1.95;0.00280314691665567
"ENSG00000125531.7";1.71;0.0028640450968367
"ENSG00000125618.17";1.55;0.00103194466601346
"ENSG00000125675.18";-1.54;4.02105635667514e-06
"ENSG00000125851.10";-3.4;0.000261330946259623
"ENSG00000125868.16";-1.64;0.00245696678974968
"ENSG00000126500.3";-2.85;0.00870951570446464
"ENSG00000126709.15";1.91;0.00236425796628996
"ENSG00000126778.12";2.27;0.00466898285220817
"ENSG00000126787.13";1.59;1.58883516205511e-05
"ENSG00000126803.9";-2.17;0.00174744851888811
"ENSG00000126947.13";-1.86;0.000464785648802013
"ENSG00000126950.8";-3.43;0.00247671913571385
"ENSG00000127423.11";1.77;5.37408861144518e-06
"ENSG00000127564.17";2.13;4.64098381377734e-06
"ENSG00000128342.5";2.62;0.00430825013531778
"ENSG00000128482.16";-1.8;2.5807916645982e-05
"ENSG00000128573.26";-2.65;0.0025031323675563
"ENSG00000128578.10";2.5;0.000438063897435782
"ENSG00000128594.8";-2.14;0.0030909670968613
"ENSG00000128610.12";5.81;0.0002667931224805
"ENSG00000128683.14";3.85;0.00416650590133818
"ENSG00000128849.11";-1.55;0.00852898617014452
"ENSG00000129116.19";-1.72;0.00666364157874073
"ENSG00000129195.16";1.91;0.000256579680236034
"ENSG00000129244.9";-2.36;0.00297142871977489
"ENSG00000129538.14";-1.68;0.00460672000570968
"ENSG00000129654.8";3.29;0.00426469869204933
"ENSG00000129810.15";1.76;4.83996899445125e-05
"ENSG00000130005.13";-1.73;3.4373146620174e-06
"ENSG00000130037.5";-2.61;0.00253532345811646
"ENSG00000130203.10";2.01;0.000240512512237039
"ENSG00000130208.9";2.48;4.31164603646397e-05
"ENSG00000130224.15";-1.83;0.00429061282380085
"ENSG00000130226.17";-3.19;0.00550640823570391
"ENSG00000130294.17";-2.38;0.00222876866947487
"ENSG00000130475.14";1.76;0.000207656831218176
"ENSG00000130513.6";2.53;0.000551908032315602
"ENSG00000130595.19";-1.5;0.0098374346082523
"ENSG00000130643.9";-2.97;0.00263170442596036
"ENSG00000130700.7";-2.15;0.00814334702718145
"ENSG00000130822.16";-3.52;0.00527814867611862
"ENSG00000130957.5";-2.71;0.0038335548168746
"ENSG00000130988.13";-1.62;0.00324031351676352
"ENSG00000131094.4";-2.32;0.000276002138410599
"ENSG00000131386.19";-2.11;0.00153100744293387
"ENSG00000131711.15";-1.97;0.00782483027055834
"ENSG00000131730.16";-3.39;1.92876384474113e-05
"ENSG00000131747.15";2.55;0.00570319624519881
"ENSG00000131771.14";1.77;0.000900116428161751
"ENSG00000132465.12";-3.3;0.00142294817881562
"ENSG00000132749.11";2.37;0.000854842332968601
"ENSG00000132837.15";-1.81;0.00136581765896459
"ENSG00000132840.10";-2.23;0.00248025848636483
"ENSG00000132938.21";-3.18;0.00417234071535774
"ENSG00000133048.13";2.29;0.000824383918088261
"ENSG00000133101.10";-1.99;0.000116168681866008
"ENSG00000133104.14";-1.59;0.000103975499415689
"ENSG00000133216.17";2.47;9.80110467799834e-05
"ENSG00000133392.18";-3.07;0.00523723208047932
"ENSG00000133401.16";-1.62;0.00338551028966696
"ENSG00000133466.14";1.88;9.91615066266615e-06
"ENSG00000133488.15";3.24;0.00504156101584507
"ENSG00000133687.16";-1.88;0.00537748184082634
"ENSG00000133800.9";-3.37;0.000121912493268394
"ENSG00000133878.9";-1.9;0.0011850356556595
"ENSG00000134020.8";-2.86;0.00569747182994547
"ENSG00000134121.10";-1.6;0.000234851506808548
"ENSG00000134201.12";-2.24;0.00171293767184803
"ENSG00000134532.19";-1.6;0.00152351041474636
"ENSG00000134533.6";-2.52;0.00848515635449715
"ENSG00000134548.11";-2.67;0.00169262124783955
"ENSG00000134690.11";1.57;1.60405411481903e-05
"ENSG00000134769.21";-1.86;0.00458983502060416
"ENSG00000134874.18";-1.79;0.0028858719210436
"ENSG00000135077.9";1.52;0.000443634124623019
"ENSG00000135094.11";2.82;1.66772457128919e-05
"ENSG00000135119.15";2.03;8.1930013591567e-05
"ENSG00000135205.15";-1.72;0.00569329692673804
"ENSG00000135218.19";-2.23;0.00930486470132564
"ENSG00000135298.14";-2.91;0.00372096437904936
"ENSG00000135447.17";-4.03;0.00333934334874738
"ENSG00000135451.13";1.94;2.82774617732999e-06
"ENSG00000135638.14";2.9;0.00819750205239053
"ENSG00000135773.13";-2.32;0.00681185707747884
"ENSG00000135842.17";-2.08;0.00438367949947798
"ENSG00000136231.14";2.94;0.000297316830664561
"ENSG00000136274.9";-2.05;0.00396032962381529
"ENSG00000136295.15";1.71;4.36664634779195e-05
"ENSG00000136457.10";-2.53;0.00769873370086928
"ENSG00000136546.16";-3.34;0.00244957871501608
"ENSG00000136826.15";-1.52;4.45342166193047e-05
"ENSG00000136842.14";-2.36;0.00245118867123093
"ENSG00000136982.6";1.77;1.20803043511534e-05
"ENSG00000137094.15";-2.33;0.00769549886226156
"ENSG00000137273.6";-2.09;0.00455604670519429
"ENSG00000137441.8";-1.71;0.000199362015920111
"ENSG00000137573.14";2;0.000250857946328001
"ENSG00000137726.17";-2.28;0.0081862194090836
"ENSG00000137727.12";-1.57;0.00213002464808759
"ENSG00000137807.16";2.03;4.61644400772975e-06
"ENSG00000137869.15";2.3;0.00240891614348191
"ENSG00000137872.17";-1.92;0.00538153647849966
"ENSG00000137941.17";-1.74;0.00386362722082051
"ENSG00000138152.10";2.93;0.00145550419443191
"ENSG00000138166.6";-1.64;0.00731723680226259
"ENSG00000138180.16";2.02;2.72181325225726e-05
"ENSG00000138316.11";2.85;0.00852945002886278
"ENSG00000138346.15";1.64;2.61849953807864e-05
"ENSG00000138356.14";-1.54;0.00678943956129934
"ENSG00000138379.5";-1.58;7.43581608605545e-05
"ENSG00000138435.16";2.5;0.000812233639308327
"ENSG00000138685.17";-2.29;0.00323643802260465
"ENSG00000138722.10";-1.8;7.70025996520675e-05
"ENSG00000138755.6";3.22;0.00412121730903741
"ENSG00000138769.11";-1.94;0.00706432173975607
"ENSG00000138778.13";1.82;9.80110467799834e-05
"ENSG00000139144.11";-1.92;0.000862535039870764
"ENSG00000139200.14";-1.88;0.000768567140268683
"ENSG00000139292.13";2.69;0.00657402983707264
"ENSG00000139572.4";1.89;0.00378163783472107
"ENSG00000139910.20";-1.75;0.00519348824858652
"ENSG00000139988.10";-3.56;8.19750657483101e-05
"ENSG00000140287.11";-1.92;0.00271965776664506
"ENSG00000140416.23";-2.31;0.00601925276895587
"ENSG00000140511.12";2.13;0.00322051718270206
"ENSG00000140525.19";1.65;3.39076424252054e-05
"ENSG00000140534.14";1.61;0.00431419322186595
"ENSG00000140675.13";1.85;0.00150844484335609
"ENSG00000140678.17";1.72;0.000208173964836934
"ENSG00000140835.10";2.2;0.00569329692673804
"ENSG00000140873.16";1.78;5.4077272578681e-05
"ENSG00000141052.18";-2.34;0.00741148580534712
"ENSG00000141338.14";-1.89;5.14238645806935e-05
"ENSG00000141431.12";-1.67;0.000461391528987306
"ENSG00000141622.14";-1.92;0.00522444294693215
"ENSG00000141639.12";-2.88;0.00404291032235196
"ENSG00000141756.19";1.67;0.00220216982356177
"ENSG00000142102.16";1.74;0.00229463831408994
"ENSG00000142185.16";1.71;2.52276628005538e-05
"ENSG00000142945.13";1.94;4.98413135340461e-06
"ENSG00000143028.9";-1.67;0.00966200217517515
"ENSG00000143171.13";-3.48;0.000564076348445572
"ENSG00000143196.5";-3.65;8.59175014618102e-05
"ENSG00000143228.13";2.04;0.000880632999610296
"ENSG00000143248.13";-1.6;0.00393500754457867
"ENSG00000143476.18";1.78;1.20556464649183e-05
"ENSG00000143603.19";-1.75;0.000173397306978815
"ENSG00000143878.10";-1.66;0.00414815931396831
"ENSG00000143995.20";-1.74;0.00251323799860065
"ENSG00000144031.12";-1.7;0.000564076348445572
"ENSG00000144191.12";-2.12;0.00429697704536734
"ENSG00000144218.19";-1.58;0.00059250018567314
"ENSG00000144331.20";-2.83;0.00178506380109582
"ENSG00000144339.12";-1.91;0.00435925036208157
"ENSG00000144354.14";1.52;0.000222903346896547
"ENSG00000144395.18";1.98;0.000154822882615118
"ENSG00000144837.9";1.82;0.0035459383024665
"ENSG00000144847.13";-3.22;0.000632989926818811
"ENSG00000144868.14";-1.6;0.00731931628348691
"ENSG00000144891.18";-2.9;0.00359129280590529
"ENSG00000144935.15";-1.63;0.00766728487409777
"ENSG00000145012.13";-1.76;0.00618132422519328
"ENSG00000145103.15";1.53;6.63762011532334e-05
"ENSG00000145244.12";1.94;0.00519066240169951
"ENSG00000145248.7";-2.5;0.00434331024032254
"ENSG00000145362.20";-2.25;0.00539047773415927
"ENSG00000145687.16";-1.85;7.73761584863135e-05
"ENSG00000145692.15";-1.86;0.00448094197602594
"ENSG00000145708.11";-1.67;0.00697999247143985
"ENSG00000145777.15";-1.97;0.00186636568316902
"ENSG00000146013.11";-2.56;0.00117202224469719
"ENSG00000146038.12";2.33;0.00886298816171487
"ENSG00000146070.17";2.05;0.000572884616329298
"ENSG00000146147.15";-1.88;0.0047962521147136
"ENSG00000146151.14";-2.35;0.000391793485886402
"ENSG00000146410.12";1.87;1.10238386476155e-05
"ENSG00000146411.6";-1.82;0.00149878630453425
"ENSG00000146670.10";1.94;1.71948192960163e-06
"ENSG00000146755.11";-5.02;0.00556975433265158
"ENSG00000147166.11";-2.17;0.00925078574529898
"ENSG00000147536.12";1.68;6.59318331648463e-06
"ENSG00000147576.17";-2.72;9.7595237977331e-05
"ENSG00000147588.7";-3.71;0.00285887307619386
"ENSG00000147724.12";-2.2;7.17163372369689e-05
"ENSG00000147799.11";1.53;3.34032086187597e-05
"ENSG00000147889.18";3.32;0.000402684174186569
"ENSG00000148180.21";-1.64;6.38662865400634e-05
"ENSG00000148488.17";-1.56;0.000460928369718713
"ENSG00000148680.16";-1.59;0.00430531238635401
"ENSG00000148735.15";1.61;0.00266777262497961
"ENSG00000148773.14";1.97;7.31416092886338e-06
"ENSG00000148826.9";-3.85;0.00975714484492132
"ENSG00000148848.14";2.98;3.43231756989547e-05
"ENSG00000149294.17";-3.25;0.00156781723999194
"ENSG00000149380.12";1.94;0.0001029305751374
"ENSG00000149451.18";-2.11;0.00311025560087489
"ENSG00000149575.9";-1.9;0.00146631656588896
"ENSG00000150054.18";-1.82;0.000178076136366626
"ENSG00000150337.13";2.06;9.58892982951587e-05
"ENSG00000150672.17";-2.34;0.000762726605610666
"ENSG00000150764.14";-2.08;0.00285887307619386
"ENSG00000151025.11";2.37;0.000381837702515345
"ENSG00000151079.7";-1.83;0.00172498131244972
"ENSG00000151320.11";-2.64;0.00505128277504801
"ENSG00000151388.11";2.77;3.52856102090586e-05
"ENSG00000151651.16";1.82;0.00918509104255524
"ENSG00000151729.11";-1.8;0.000227650367492207
"ENSG00000151892.15";-1.89;0.000959008768296923
"ENSG00000152137.8";-2.62;0.0011850356556595
"ENSG00000152217.20";-1.63;0.00227885141052776
"ENSG00000152578.13";-2.74;0.000739300902598816
"ENSG00000152583.12";-1.89;0.00744032356426812
"ENSG00000152779.14";-1.98;0.00106209951315661
"ENSG00000152784.16";-1.66;0.0096306455503563
"ENSG00000152931.9";-2.67;0.00326545501368166
"ENSG00000153162.9";-1.7;0.001363913617475
"ENSG00000153303.17";-2.99;0.0071477262590618
"ENSG00000153404.14";-1.98;0.000983407762960588
"ENSG00000153446.16";-3.31;0.00131462321345892
"ENSG00000153822.14";-4.37;0.00623695165663219
"ENSG00000153823.19";-1.72;0.000457823064047746
"ENSG00000153902.14";-1.91;0.00501320668922128
"ENSG00000154027.19";-2.24;0.00556975433265158
"ENSG00000154096.14";1.7;0.000393036791880359
"ENSG00000154175.18";-2.72;0.00289817420184986
"ENSG00000154188.10";-1.78;0.00273363831606387
"ENSG00000154258.17";-2.03;0.00654473716723178
"ENSG00000154330.13";-3;0.00332378974241437
"ENSG00000154553.16";-2.21;0.00827960978840373
"ENSG00000154556.18";-1.77;0.0030665703164628
"ENSG00000154678.18";-1.85;0.000283815391985469
"ENSG00000154721.15";-1.9;0.000511995416690834
"ENSG00000154734.16";-1.75;0.00190385410127346
"ENSG00000154839.10";1.69;9.91615066266615e-06
"ENSG00000154917.11";-1.65;0.00113052104001317
"ENSG00000154920.15";2.07;2.84444842129374e-05
"ENSG00000155629.15";1.62;9.1722310646411e-05
"ENSG00000155875.15";-1.65;4.31283779530305e-05
"ENSG00000155970.12";-1.99;0.000663956030914827
"ENSG00000156076.10";-3.5;0.00623475158658813
"ENSG00000156218.13";-1.95;0.00383165311872729
"ENSG00000156509.14";2.05;0.00321984510168452
"ENSG00000156802.13";1.7;6.04135800962146e-06
"ENSG00000156804.7";-1.98;0.00855906717437905
"ENSG00000156970.13";1.8;2.01682131176519e-05
"ENSG00000157152.17";-1.56;0.00258727886630134
"ENSG00000157193.18";2.02;0.000514289131958235
"ENSG00000157388.19";1.52;0.00159885862403679
"ENSG00000157404.16";-1.73;1.10238386476155e-05
"ENSG00000157445.15";-2.07;1.83978803862983e-05
"ENSG00000157470.12";1.72;0.000298284131749197
"ENSG00000157514.16";-1.52;1.85266452762822e-05
"ENSG00000157551.19";-2.92;0.00129410435303259
"ENSG00000157766.19";3.38;1.25624117020687e-05
"ENSG00000157927.17";-2.16;0.000340664794219329
"ENSG00000158106.14";1.69;0.00327667142530518
"ENSG00000158246.8";-2.47;0.00441754004731815
"ENSG00000158445.10";-3.06;0.0054258131936233
"ENSG00000158458.21";-1.71;0.000933551976440697
"ENSG00000158516.12";-5.25;0.00552387584098095
"ENSG00000158555.15";2.03;0.00301288579624019
"ENSG00000158887.19";-2.29;0.00246790646813145
"ENSG00000159176.14";-1.99;0.00855762540463591
"ENSG00000159261.12";1.66;0.00498375818016335
"ENSG00000159307.19";-1.99;0.0073939686630555
"ENSG00000159374.17";2.25;0.000788933091388993
"ENSG00000159388.6";-2.44;0.00156781723999194
"ENSG00000159433.12";-1.56;0.00801364735440025
"ENSG00000160097.20";-2.02;0.00253021462903818
"ENSG00000160161.9";3.85;0.00790410780650561
"ENSG00000160307.10";-1.86;0.00560908231511451
"ENSG00000160396.9";-2.01;0.00246444192911837
"ENSG00000160401.15";1.59;3.36803801478666e-05
"ENSG00000160471.13";3.44;0.000929229694456795
"ENSG00000160801.14";-2.01;0.00178085132638794
"ENSG00000160808.11";-1.51;0.000453717042141348
"ENSG00000160867.15";2.04;0.00067812310905192
"ENSG00000160932.11";1.86;0.00093035346339774
"ENSG00000160949.17";1.6;1.5118334403432e-05
"ENSG00000160957.14";2.11;4.64098381377734e-06
"ENSG00000161281.11";-1.81;0.00531566407335717
"ENSG00000161649.13";-1.88;0.00807642550481617
"ENSG00000161896.12";-2.1;0.00125571935425938
"ENSG00000162062.15";1.74;3.87360351753295e-06
"ENSG00000162063.13";1.65;1.50189288934627e-05
"ENSG00000162073.14";1.56;2.49555845742034e-06
"ENSG00000162373.13";-1.74;0.00104618909626282
"ENSG00000162383.13";-1.69;0.00573918801445739
"ENSG00000162409.11";-1.99;0.00201442940915667
"ENSG00000162444.12";-1.6;0.00355255715371793
"ENSG00000162482.5";-1.7;0.0069674941134496
"ENSG00000162639.16";1.57;3.3293483065129e-05
"ENSG00000162654.9";1.53;0.00936102565918377
"ENSG00000162706.13";-2.34;0.000390228746063452
"ENSG00000162745.10";1.84;0.00167319346486504
"ENSG00000162849.16";2.29;0.00104145881221926
"ENSG00000162878.13";1.56;0.00192276995815147
"ENSG00000162949.16";-1.83;0.00318477279807111
"ENSG00000163075.13";-2.28;0.00266777262497961
"ENSG00000163328.14";-2.62;0.000291861646540948
"ENSG00000163347.6";2.03;0.00422482533063137
"ENSG00000163431.13";-2.59;0.00579070782243262
"ENSG00000163507.14";1.54;3.8748115373038e-05
"ENSG00000163508.13";1.62;0.00526595859995706
"ENSG00000163637.13";-2.26;0.00408952621703709
"ENSG00000163661.4";-2.26;0.00839016782192173
"ENSG00000163673.7";2.07;7.92804304936489e-05
"ENSG00000163687.14";-1.73;0.00258727886630134
"ENSG00000163808.17";1.66;1.65815798187133e-05
"ENSG00000163815.6";-2.57;0.00161217012465314
"ENSG00000163873.10";-2.94;0.00292303943984543
"ENSG00000163884.4";-2.26;0.00207841661613394
"ENSG00000164109.14";1.58;6.36142567148643e-05
"ENSG00000164120.14";-1.89;0.00216527119726881
"ENSG00000164188.9";-2.17;0.00186156748678711
"ENSG00000164197.12";-1.79;0.000146482695400382
"ENSG00000164283.13";4.59;5.47988817644651e-05
"ENSG00000164418.21";-2.43;0.00799456204386802
"ENSG00000164430.16";1.56;1.01687143790022e-06
"ENSG00000164440.15";-1.93;0.000109123651661431
"ENSG00000164442.10";-1.55;4.36664634779195e-05
"ENSG00000164530.15";-2.86;0.0030264500964921
"ENSG00000164619.10";-2.72;0.000901264994907504
"ENSG00000164692.18";1.62;0.000258720225554119
"ENSG00000164694.17";2.86;0.00320255703392086
"ENSG00000164756.12";-2;0.00388911157593142
"ENSG00000164761.9";2.14;0.000802573413084152
"ENSG00000164764.11";-2.22;0.0099469203618366
"ENSG00000164841.5";-1.8;0.00573606541865438
"ENSG00000164850.15";-2.27;0.00669298112779512
"ENSG00000164932.13";3.29;0.00123852058666163
"ENSG00000165028.12";-1.52;0.00279739951810619
"ENSG00000165072.10";-3.26;0.000602661649737841
"ENSG00000165186.12";-3.91;0.00518915903387409
"ENSG00000165197.5";-3.32;7.66154189890163e-05
"ENSG00000165304.8";1.6;1.85266452762822e-05
"ENSG00000165323.15";-3.78;0.00751470862189162
"ENSG00000165379.13";-1.51;0.00288946838085931
"ENSG00000165410.15";-2.45;0.00561358688338007
"ENSG00000165434.8";1.51;0.000283688163502033
"ENSG00000165480.16";1.82;1.83978803862983e-05
"ENSG00000165490.13";1.69;0.000114601737899434
"ENSG00000165495.16";-1.89;0.000406689367269109
"ENSG00000165821.12";-1.8;0.00718654149135598
"ENSG00000165966.16";-3.72;0.00311027310661559
"ENSG00000165995.22";-2.25;0.00756821534927733
"ENSG00000165996.14";-2.06;0.0031235508855548
"ENSG00000166086.13";-1.61;0.00623695165663219
"ENSG00000166091.21";-3.22;0.00142746999582575
"ENSG00000166165.13";-3.13;0.000154535791905055
"ENSG00000166250.12";-2.05;0.00441754004731815
"ENSG00000166292.12";-2.83;0.000748751504949294
"ENSG00000166402.9";-1.8;0.00122192926421596
"ENSG00000166405.15";-1.84;0.000328613960188774
"ENSG00000166415.15";3.48;0.00162869646001883
"ENSG00000166482.12";-1.64;0.000261876256233676
"ENSG00000166770.11";-1.95;0.000781241198257395
"ENSG00000166816.15";-1.59;0.000286077329280525
"ENSG00000166828.3";-2.97;0.000773816755724273
"ENSG00000166831.9";-2.8;0.00579777994231821
"ENSG00000166851.15";1.59;1.65815798187133e-05
"ENSG00000166960.16";-1.5;1.10238386476155e-05
"ENSG00000167434.10";-2.4;0.000271237568850165
"ENSG00000167513.9";1.59;3.74287231768644e-06
"ENSG00000167549.18";-2.29;0.00869744911853911
"ENSG00000167550.11";1.6;0.000417234826019341
"ENSG00000167654.18";-2.55;0.00683016575497016
"ENSG00000167676.4";-3.07;0.00400673352944739
"ENSG00000167771.6";1.87;0.00819869706007969
"ENSG00000167779.9";-2.22;0.00351819662453243
"ENSG00000168078.10";1.59;0.000135438351857427
"ENSG00000168079.17";-2.61;0.000886295662357051
"ENSG00000168306.13";-1.91;0.000265304352399005
"ENSG00000168309.18";-1.73;0.000261876256233676
"ENSG00000168334.9";2.44;0.00486181822609036
"ENSG00000168477.19";-1.82;0.00393735737987094
"ENSG00000168497.5";-1.83;0.000347227395709963
"ENSG00000168542.16";1.7;0.000287086205303969
"ENSG00000168546.11";-2.34;0.000266379891941528
"ENSG00000168824.14";-1.68;0.00962538274279347
"ENSG00000168874.13";-1.6;7.54551442481012e-05
"ENSG00000168993.15";2.49;0.00712834434593958
"ENSG00000169083.18";-2.23;0.000990645361756643
"ENSG00000169122.11";-1.5;0.00217218812501671
"ENSG00000169174.11";1.61;0.00795944111994117
"ENSG00000169181.13";-2.13;0.000518380444598447
"ENSG00000169248.13";2.84;0.00579755410628543
"ENSG00000169252.6";-2.01;1.04051061753508e-06
"ENSG00000169302.16";-2.21;0.00119811643734563
"ENSG00000169418.10";-1.52;0.00678005869919866
"ENSG00000169495.5";2.62;0.000114601737899434
"ENSG00000169607.13";1.85;4.67254660870153e-05
"ENSG00000169679.15";1.91;1.10238386476155e-05
"ENSG00000169752.17";-2.02;0.0090608352708673
"ENSG00000169760.17";-2.27;0.000762581255781064
"ENSG00000169946.14";-1.81;0.00772954219805547
"ENSG00000170011.14";-2.04;0.000156203499033823
"ENSG00000170074.19";-1.64;0.00452473442893167
"ENSG00000170091.11";-3.04;0.00263526247479988
"ENSG00000170122.5";1.6;0.00109668563516259
"ENSG00000170153.11";-2.62;0.00398035044093802
"ENSG00000170271.11";-1.92;0.0017397412017471
"ENSG00000170298.15";-2.32;0.00236750427607236
"ENSG00000170312.16";1.88;0.00258880263721146
"ENSG00000170369.4";3.23;0.00721094550654545
"ENSG00000170373.8";7.49;0.000199233945995239
"ENSG00000170419.11";-3.97;0.000336195653655948
"ENSG00000170464.10";-1.58;0.000807716949854237
"ENSG00000170500.13";-2.45;0.00210393908564704
"ENSG00000170537.13";1.9;0.00106465162234774
"ENSG00000170689.10";2.48;0.00301813175629348
"ENSG00000170954.11";-1.62;6.32177070721624e-05
"ENSG00000171016.13";-1.75;0.00568987360984512
"ENSG00000171094.18";-1.84;0.0076874511205571
"ENSG00000171243.8";-2.97;0.001269670944243
"ENSG00000171246.6";-4.51;0.00411650621587301
"ENSG00000171303.7";-2.01;0.00405093351696729
"ENSG00000171357.6";-1.59;0.000420308359791619
"ENSG00000171388.12";2.54;0.000607731785575596
"ENSG00000171533.11";-1.95;0.00443574250580117
"ENSG00000171617.14";1.59;1.92876384474113e-05
"ENSG00000171631.15";1.55;0.00194027519585888
"ENSG00000171658.8";-1.96;0.00702079293201015
"ENSG00000171714.12";-1.84;0.000331158124218812
"ENSG00000171724.3";-1.67;0.0023637752342815
"ENSG00000171819.5";-2.67;0.00647937613827995
"ENSG00000171916.17";-2.83;0.00486135605847303
"ENSG00000172016.16";-3.91;0.00824774280468535
"ENSG00000172061.9";1.51;0.00908279665067306
"ENSG00000172167.8";1.5;8.83411040136027e-06
"ENSG00000172201.12";-1.51;2.49555845742034e-06
"ENSG00000172244.9";1.78;0.000250857946328001
"ENSG00000172260.15";-2.81;0.00180897558273295
"ENSG00000172403.11";-2.43;0.0094528057695626
"ENSG00000172461.11";-2.73;0.0050160717266303
"ENSG00000172548.14";-2.77;0.00133877069092827
"ENSG00000172554.12";-1.53;0.00024006134075618
"ENSG00000172752.14";-1.69;0.00587275113373943
"ENSG00000172901.20";-2.18;0.00547292609361196
"ENSG00000172915.18";-2.05;0.00502397692989939
"ENSG00000172965.17";1.96;1.65815798187133e-05
"ENSG00000173258.13";-1.67;0.00297725072458146
"ENSG00000173391.9";2.58;9.21358213820516e-05
"ENSG00000173406.16";-3.97;0.00959041000933686
"ENSG00000173621.9";2.43;0.000357259400894009
"ENSG00000173698.18";-1.87;0.00431138307244681
"ENSG00000173894.11";2.04;0.00686972857656977
"ENSG00000174099.12";-2.32;0.00457339751604996
"ENSG00000174136.13";-1.52;0.000558606625578692
"ENSG00000174371.17";1.88;3.11976611941892e-05
"ENSG00000174403.16";-3.31;0.00502397692989939
"ENSG00000174576.10";-3.53;0.00211153486794784
"ENSG00000174611.12";-3.07;0.00113399116312681
"ENSG00000174808.12";-2.02;0.00130998625925843
"ENSG00000174938.14";1.85;0.000777727986115206
"ENSG00000174939.11";1.96;0.00141121998646472
"ENSG00000174944.9";-2.03;0.00021448454601207
"ENSG00000175063.17";2.28;3.48564351055209e-05
"ENSG00000175161.14";-3.06;0.00370822295526529
"ENSG00000175264.8";1.54;0.000135438351857427
"ENSG00000175356.14";-2.21;0.000170189315397825
"ENSG00000175785.13";-3.02;0.00641733148945903
"ENSG00000175832.13";2.89;1.92974696789931e-05
"ENSG00000175906.5";-1.89;0.00811169432691447
"ENSG00000176014.13";-1.52;0.002409278688077
"ENSG00000176244.7";2.3;0.000901264994907504
"ENSG00000176293.20";-1.77;0.000641334499736218
"ENSG00000176399.4";-1.86;0.000284282729640338
"ENSG00000176533.13";-1.97;3.32230494459959e-07
"ENSG00000176728.10";-1.53;0.00179126544811685
"ENSG00000176928.7";-2.56;0.000438941326768521
"ENSG00000176956.13";-2.33;0.000944736708025765
"ENSG00000177133.11";-2.34;0.00836268154270338
"ENSG00000177301.16";-2.27;0.000734082186553468
"ENSG00000177363.5";-1.66;0.00208921387873974
"ENSG00000177432.8";-1.57;0.00410576165635632
"ENSG00000177511.6";-2.66;0.000872011582865276
"ENSG00000177519.4";-3.84;0.000590257102057274
"ENSG00000177602.5";1.62;4.83996899445125e-05
"ENSG00000177990.12";-2.12;0.00388060514875955
"ENSG00000178031.17";-2.08;0.000210016972016087
"ENSG00000178233.18";-1.82;0.00490190186447888
"ENSG00000178597.7";-4.12;0.00386802631130331
"ENSG00000178752.16";2.05;5.22720715301829e-05
"ENSG00000178947.9";-1.57;4.28733132716607e-05
"ENSG00000178999.13";1.56;3.09091488357029e-05
"ENSG00000179094.16";-1.75;0.000193979961708147
"ENSG00000179603.18";2.15;0.00021382940009722
"ENSG00000179639.10";-1.68;0.00431386170931067
"ENSG00000179772.8";2.69;4.41760707857807e-05
"ENSG00000179796.12";-2.75;0.00567710499564804
"ENSG00000179915.24";-2.97;0.0046107556552098
"ENSG00000179934.7";2.46;0.00017366730274418
"ENSG00000180190.12";-1.7;0.000202536875640302
"ENSG00000180251.5";-3.56;0.00136085916105835
"ENSG00000180316.12";-2.14;0.00523723208047932
"ENSG00000180440.4";-4.44;1.98951299216959e-05
"ENSG00000180447.7";-1.87;0.00731430852597014
"ENSG00000180660.8";-2.27;0.00089502982741039
"ENSG00000180720.7";-2.22;0.000300208541635767
"ENSG00000180806.5";4.22;0.000192630482799823
"ENSG00000180818.5";6.61;2.64977695233104e-05
"ENSG00000181072.11";-3.7;0.00658919574771248
"ENSG00000181085.15";2.76;0.00260698164210566
"ENSG00000181234.9";-2.74;5.23868542657675e-06
"ENSG00000181544.15";1.67;1.39311414358238e-05
"ENSG00000181577.16";3.64;0.00512311513234556
"ENSG00000181778.5";-3.16;0.00365157915376094
"ENSG00000181856.15";-2.77;0.00671059603495625
"ENSG00000182175.14";-1.83;0.00899796871457621
"ENSG00000182195.9";-1.57;0.000402441378010483
"ENSG00000182253.15";-3.27;0.00683138469893141
"ENSG00000182492.16";2.64;0.000179823604107351
"ENSG00000182912.6";1.63;0.000622142262599333
"ENSG00000182916.8";-1.95;0.00443574250580117
"ENSG00000182983.15";-2.23;4.61644400772975e-06
"ENSG00000183134.5";-2.49;0.00115576724333455
"ENSG00000183150.8";1.87;0.00165904134451866
"ENSG00000183230.17";-3.93;0.00533829454463255
"ENSG00000183287.14";-2.38;0.000889123906278017
"ENSG00000183578.8";-1.67;0.00225029379932627
"ENSG00000183682.8";2.01;1.10238386476155e-05
"ENSG00000183715.13";-2.97;0.00139841124182049
"ENSG00000183783.7";-3.47;0.00222392409225957
"ENSG00000183798.5";-2.38;4.54579067252488e-05
"ENSG00000183844.17";-1.72;0.0028059626407491
"ENSG00000183856.11";2;0.000442685439976552
"ENSG00000184144.12";-2;0.00605020301857882
"ENSG00000184205.14";-1.75;0.00870951570446464
"ENSG00000184226.15";-3;0.0096578477921467
"ENSG00000184368.16";-2.54;0.00719718926815557
"ENSG00000184661.14";1.88;5.06909605723514e-05
"ENSG00000184719.12";-1.55;5.18885684311319e-05
"ENSG00000184828.10";-1.57;0.00165021995430677
"ENSG00000184905.9";-3.49;0.00591885067158113
"ENSG00000185046.18";-2.29;0.00269052930792219
"ENSG00000185345.23";-1.95;0.000214003799533104
"ENSG00000185352.8";-3.44;0.000321275200276668
"ENSG00000185432.12";-1.58;1.04051061753508e-06
"ENSG00000185760.17";-1.77;0.00133286074120449
"ENSG00000186047.10";1.86;5.14873404666196e-05
"ENSG00000186185.14";2.15;1.60625492074115e-06
"ENSG00000186193.9";1.9;0.000391793485886402
"ENSG00000186340.16";2.19;0.00613612870186045
"ENSG00000186352.9";-1.61;0.00616196268300067
"ENSG00000186462.9";-2.32;0.000696143715623864
"ENSG00000186510.12";-3.02;0.00830020100094811
"ENSG00000186564.6";2.1;0.000190137208675955
"ENSG00000186603.6";1.84;0.000705215097784649
"ENSG00000186642.16";-1.71;0.000656188100838948
"ENSG00000186818.12";1.81;0.0021342569847896
"ENSG00000186854.11";1.62;0.0093859826914522
"ENSG00000186868.16";-2.33;0.00495868474546591
"ENSG00000187045.19";-2;0.00967729757304586
"ENSG00000187068.3";-1.64;0.00885993428617901
"ENSG00000187134.14";-2.08;0.000371247275202338
"ENSG00000187140.6";-2.3;0.00577102692381411
"ENSG00000187193.9";-1.53;0.00285887307619386
"ENSG00000187391.22";-1.77;0.00385621154872835
"ENSG00000187730.9";2.93;1.81203718452847e-05
"ENSG00000187741.15";1.77;9.00500389935672e-05
"ENSG00000187848.15";-2.54;0.000701150179928081
"ENSG00000187942.12";-1.93;0.000500777192088016
"ENSG00000187951.11";1.73;4.20731390066226e-05
"ENSG00000187957.8";-3.12;0.00245696678974968
"ENSG00000187980.7";-2.98;0.00298957979957218
"ENSG00000187987.9";-1.89;0.000183108821606125
"ENSG00000188153.14";-2.42;0.00334983794016612
"ENSG00000188157.15";1.83;0.000165969734929622
"ENSG00000188171.16";-1.5;6.59318331648463e-06
"ENSG00000188483.8";1.78;0.000271925657465658
"ENSG00000188517.16";-1.52;0.00865564100884233
"ENSG00000188536.13";-1.81;0.00184557231818457
"ENSG00000188610.12";2.13;4.45623850424495e-05
"ENSG00000189056.14";-2.61;0.000321275200276668
"ENSG00000189129.14";-1.78;0.00121418556224319
"ENSG00000189134.4";-2.21;0.0025421831170372
"ENSG00000189292.16";-1.98;0.000587459111652059
"ENSG00000189377.9";-2.12;0.00884160478749786
"ENSG00000196109.9";-1.5;0.00656694166617211
"ENSG00000196155.13";2.09;0.000134422620854125
"ENSG00000196167.10";-1.6;0.00632785393598735
"ENSG00000196263.8";-1.96;0.000126695648025862
"ENSG00000196296.14";1.5;0.00167680483040146
"ENSG00000196335.13";2.88;0.00602283049516896
"ENSG00000196376.11";-2.26;0.00821423406376975
"ENSG00000196381.11";-1.8;0.00424837601544109
"ENSG00000196482.18";-3.83;0.00214541264618
"ENSG00000196542.8";-2.28;0.00558256500750536
"ENSG00000196550.10";1.98;1.93858833593323e-05
"ENSG00000196557.13";-2.19;0.00615055508157481
"ENSG00000196581.11";-1.57;0.00195154584535616
"ENSG00000196584.3";1.77;2.81532259334629e-05
"ENSG00000196616.14";-2.4;8.61487680376475e-05
"ENSG00000196632.10";-1.6;0.00250618240317068
"ENSG00000196711.9";2.48;0.00021382940009722
"ENSG00000196932.12";1.56;3.87360351753295e-06
"ENSG00000196972.9";-1.53;0.000238696441914379
"ENSG00000197083.11";-1.83;0.000868533334467779
"ENSG00000197256.11";-1.65;0.00747733831659659
"ENSG00000197275.14";1.51;8.83411040136027e-06
"ENSG00000197321.15";-2.1;0.00594258215574915
"ENSG00000197472.15";2.79;0.000138589115363329
"ENSG00000197576.14";-1.68;0.00403631147704697
"ENSG00000197584.12";-2.6;0.00659013602373399
"ENSG00000197587.11";5.38;0.00204357648218438
"ENSG00000197757.8";1.75;0.000655007584107399
"ENSG00000197766.8";-2.34;0.00036211743655489
"ENSG00000197905.10";1.54;6.5609115402104e-06
"ENSG00000197928.10";-1.53;0.000157604477780423
"ENSG00000198010.13";-1.61;0.00176243431538762
"ENSG00000198046.12";-1.55;0.000912707738558683
"ENSG00000198074.10";-2.25;0.00162130933980952
"ENSG00000198088.10";1.88;0.00266789991323192
"ENSG00000198300.14";-2.64;0.00238971382525432
"ENSG00000198483.13";-2.16;0.00409644007290602
"ENSG00000198488.10";-2.08;0.0051539641586318
"ENSG00000198523.6";-3.42;0.00407814618291916
"ENSG00000198535.5";1.66;0.0030255364052464
"ENSG00000198597.9";-2.05;3.65892846527672e-05
"ENSG00000198624.13";-1.93;0.000874085091669164
"ENSG00000198826.11";1.77;2.50948728239935e-05
"ENSG00000198838.14";-2.91;0.00265191540904775
"ENSG00000198901.14";1.67;1.36394827027919e-05
"ENSG00000198915.12";1.75;0.00370509638403938
"ENSG00000198932.13";-2.09;0.00405546589210106
"ENSG00000198947.16";-2.48;0.00328863176020487
"ENSG00000198963.11";-1.54;0.00288322456200455
"ENSG00000203650.9";2.09;0.000438941326768521
"ENSG00000203685.10";-1.74;0.00256593701869688
"ENSG00000203747.12";2;0.000541923843374504
"ENSG00000203778.8";-1.8;0.00150583580209944
"ENSG00000203799.13";2.5;0.000511995416690834
"ENSG00000203808.12";-2.7;0.00154407603838554
"ENSG00000203867.8";-2.61;0.00457979113666494
"ENSG00000203952.9";-1.98;0.000183125172610943
"ENSG00000203999.9";1.8;0.000994482695227556
"ENSG00000204065.3";-2.03;0.00233305797621911
"ENSG00000204262.14";1.57;5.97090234949699e-05
"ENSG00000204323.5";-1.82;0.000444215895375278
"ENSG00000204410.16";1.67;0.00294216656292793
"ENSG00000204516.10";1.64;0.00579714661003375
"ENSG00000204616.11";1.51;0.00622719069390237
"ENSG00000205002.4";-2.61;0.00943650602455484
"ENSG00000205038.12";-1.57;0.000390228746063452
"ENSG00000205106.4";-1.66;4.18792919085902e-05
"ENSG00000205221.12";-2.4;0.00152209095579272
"ENSG00000205362.11";-1.72;0.00323412136750376
"ENSG00000205363.6";-1.91;0.00356032897283417
"ENSG00000205364.4";-2.01;0.00112146437011426
"ENSG00000205795.4";-2.06;0.00904484071065681
"ENSG00000205869.2";1.54;0.000819076278682057
"ENSG00000206195.11";3.49;0.000440158146037045
"ENSG00000206559.8";-1.57;0.0024695661100594
"ENSG00000206579.9";-3.2;0.00277510644437351
"ENSG00000211445.12";-2.06;6.36921803343213e-05
"ENSG00000211668.2";-1.98;0.00392830190103965
"ENSG00000211677.2";-1.69;0.00734681121775596
"ENSG00000211890.4";-2.43;0.00635542273670301
"ENSG00000211895.5";-2.23;0.00493764606585487
"ENSG00000211957.2";-2.77;0.00402258751616185
"ENSG00000211961.3";-2.22;0.0091374447720296
"ENSG00000211966.2";-2.29;0.0075337698746411
"ENSG00000213144.2";-1.92;0.00654747217437549
"ENSG00000213366.13";-1.64;7.54551442481012e-05
"ENSG00000213424.9";-1.67;8.1930013591567e-05
"ENSG00000213468.7";3.07;0.00365534784270593
"ENSG00000214456.8";-1.87;0.00115371391924877
"ENSG00000214575.9";-2.3;0.00147732512841722
"ENSG00000215218.4";-2.64;0.000723659476967039
"ENSG00000215784.6";2.12;5.60272617121968e-05
"ENSG00000215861.6";-1.94;0.00900982726388598
"ENSG00000215866.8";2.02;0.00694070727776049
"ENSG00000219607.4";-1.93;0.00245696678974968
"ENSG00000223274.6";1.67;0.00887090991645378
"ENSG00000224078.15";-2.15;0.00142021413520024
"ENSG00000224238.2";-1.76;0.0081208521306177
"ENSG00000224245.1";2;0.00367990362873241
"ENSG00000224397.7";1.78;5.18721639132642e-05
"ENSG00000224511.2";-2.42;0.00734722427242005
"ENSG00000224786.2";-1.6;0.000504550467169206
"ENSG00000224805.2";1.68;0.000416702915936997
"ENSG00000224905.7";-2.22;0.00465581931978527
"ENSG00000224940.9";-3.23;0.000812233639308327
"ENSG00000224957.6";-2.28;0.00955328039922607
"ENSG00000224958.6";-3.87;0.00657326355347568
"ENSG00000225342.2";-1.51;0.00099981933510069
"ENSG00000225398.3";-2.62;0.00457366119039694
"ENSG00000225556.1";1.57;0.000977702700257817
"ENSG00000225614.4";2.54;4.13523199965081e-05
"ENSG00000225670.4";-1.62;0.000355711392177467
"ENSG00000225953.3";1.69;0.000961934757703573
"ENSG00000226237.2";-2.59;0.00201209704994724
"ENSG00000226383.7";1.65;0.00137318691098202
"ENSG00000226476.6";2.49;0.00279468713813614
"ENSG00000226856.7";1.59;0.00382932075535107
"ENSG00000227051.7";-1.68;0.00400538838146214
"ENSG00000227467.3";-2.13;0.0019499662181004
"ENSG00000227640.3";-2.9;0.000444008866409368
"ENSG00000227719.1";1.52;0.000999041831318023
"ENSG00000228063.2";-1.79;0.0053467527226009
"ENSG00000228168.1";2.37;4.45623850424495e-05
"ENSG00000228203.7";2.08;0.00699888005633359
"ENSG00000228549.4";-1.63;0.00292060739903665
"ENSG00000228630.5";5.66;0.000146926280035742
"ENSG00000228709.1";2.16;0.00192474914473178
"ENSG00000228742.11";3.26;0.00128306236199825
"ENSG00000229167.2";1.6;0.00213831104845865
"ENSG00000229228.1";-1.89;0.00469862754111476
"ENSG00000229404.6";3.59;0.000224832828041547
"ENSG00000229425.3";1.67;0.00115371391924877
"ENSG00000230061.2";3.45;4.51841977795092e-05
"ENSG00000230316.7";5.6;1.65815798187133e-05
"ENSG00000230387.4";-1.7;0.000912065033129011
"ENSG00000230417.12";-2.17;0.00127379120920904
"ENSG00000230479.1";1.59;0.00502707772848159
"ENSG00000230798.5";-1.87;0.00793961533947171
"ENSG00000231226.1";1.78;0.000679937818549458
"ENSG00000231367.6";-1.91;0.000762581255781064
"ENSG00000231672.8";-1.91;0.00174771075593327
"ENSG00000231768.2";-2.2;0.000402809943432578
"ENSG00000231806.3";1.62;0.00266777262497961
"ENSG00000232044.7";-3.27;0.00751814955161104
"ENSG00000232046.7";-2.4;0.0054089558240649
"ENSG00000232229.6";-1.78;0.000271237568850165
"ENSG00000232445.2";1.87;0.00310471805305284
"ENSG00000232680.2";-1.73;0.00149831180957996
"ENSG00000233670.7";-2.89;0.00337318123988502
"ENSG00000233705.7";-1.8;0.00934861861182107
"ENSG00000233850.1";-2.65;0.00722905874315164
"ENSG00000235366.2";-1.94;0.00394349259794808
"ENSG00000235601.1";-2.74;0.00706377279789225
"ENSG00000235890.2";1.72;0.00138722778460233
"ENSG00000235904.3";-2.19;0.00109510062142951
"ENSG00000236008.3";1.68;9.1722310646411e-05
"ENSG00000236081.1";2.8;0.00969035523396313
"ENSG00000236404.10";-1.65;0.00016719569772764
"ENSG00000236699.9";1.69;0.00174106421599737
"ENSG00000236790.6";1.52;0.000983554127934455
"ENSG00000236809.2";1.52;0.000267587754665131
"ENSG00000237187.9";-1.64;0.00662568240019644
"ENSG00000237424.1";2.47;0.000233081736811973
"ENSG00000237512.6";-2.12;0.00218021012123213
"ENSG00000237515.9";-3;0.00739470721804622
"ENSG00000237649.8";1.57;8.07413546871717e-06
"ENSG00000237686.7";3.15;0.00093035346339774
"ENSG00000237886.1";-3.1;0.00502707772848159
"ENSG00000237975.7";-2.3;0.00647824051461123
"ENSG00000237988.5";3.11;0.00430147235162829
"ENSG00000239819.2";-2.65;0.0024695661100594
"ENSG00000240771.8";-2.04;0.00735426387279648
"ENSG00000241158.7";-2.91;0.00312084769718681
"ENSG00000241484.10";1.64;0.00320398213604891
"ENSG00000241684.6";-2.76;0.00290347125040134
"ENSG00000242207.1";2.19;0.000573367130918748
"ENSG00000242371.1";-2.31;0.00509197996587275
"ENSG00000242534.2";-2.3;0.00433821930118616
"ENSG00000242766.1";-2.97;0.00768090243471368
"ENSG00000243069.8";-2.67;0.00503318077494592
"ENSG00000243244.7";-2.59;0.00598674187133427
"ENSG00000243290.3";-1.91;0.00880526848261011
"ENSG00000243466.1";-1.63;0.00860297262761977
"ENSG00000243766.8";3.52;0.00298897995816925
"ENSG00000244300.3";1.61;0.00855322374046152
"ENSG00000244306.11";3.4;0.000342864171053487
"ENSG00000245105.4";-2.13;0.00338119254899859
"ENSG00000245468.4";-1.59;0.00428108103214212
"ENSG00000246366.6";1.55;0.00664085308101602
"ENSG00000248309.7";-2.17;0.000319045252324798
"ENSG00000248334.6";-1.88;0.00137955622789979
"ENSG00000248587.8";-1.77;0.00613984595724801
"ENSG00000248898.3";1.89;0.00569125430605084
"ENSG00000249249.2";-1.59;0.000588737512908348
"ENSG00000249395.4";2.77;0.00142052060050839
"ENSG00000249574.1";1.7;0.00987845757941774
"ENSG00000249679.2";-2.34;0.00368726210045983
"ENSG00000250056.8";-2.4;0.00287659661126955
"ENSG00000250303.4";-1.77;0.000830393719163425
"ENSG00000250360.1";-2.17;0.00587796966291708
"ENSG00000250486.5";-1.95;0.00425649867233841
"ENSG00000250654.7";-1.62;4.68838368768697e-05
"ENSG00000251546.1";-2.47;0.00158273631823822
"ENSG00000253120.1";-3.04;0.0074605279326149
"ENSG00000253132.1";-2.74;0.00355255715371793
"ENSG00000253177.2";-1.78;0.00163526277633496
"ENSG00000253250.3";-2.81;0.00422218828968333
"ENSG00000253293.5";3.81;1.10238386476155e-05
"ENSG00000253497.1";-2.62;0.00626564156823621
"ENSG00000253771.6";-1.82;0.00314468784727467
"ENSG00000253833.1";-1.67;0.00277683064406012
"ENSG00000253853.3";-1.6;0.0043791210078456
"ENSG00000254290.1";2.64;0.00531559548295051
"ENSG00000254389.3";1.6;0.00254388384721313
"ENSG00000254510.2";-3.34;0.00184556367333131
"ENSG00000254560.6";1.51;0.00665809332185916
"ENSG00000255026.1";2.15;0.00869744911853911
"ENSG00000255050.1";1.79;0.00266702777660715
"ENSG00000255303.2";1.69;0.00751095472919597
"ENSG00000255366.1";-1.87;0.00433308356874106
"ENSG00000255408.4";-1.51;0.00752162174062686
"ENSG00000255624.3";2.28;2.31028433951771e-05
"ENSG00000255920.3";-1.54;0.00717721625014792
"ENSG00000256540.1";1.79;4.02105635667514e-06
"ENSG00000256663.1";1.73;0.000116399769135654
"ENSG00000257433.6";-1.58;0.00787255197070428
"ENSG00000258227.7";1.9;0.00225144463702694
"ENSG00000258441.1";-1.67;0.00440313432562029
"ENSG00000258484.4";-1.58;4.54579067252488e-05
"ENSG00000258754.8";-2.82;0.0074864415636295
"ENSG00000258987.2";-2.27;0.00575830835649217
"ENSG00000259291.2";-1.58;0.00477504971082071
"ENSG00000259330.3";-2.61;0.00914835173056689
"ENSG00000259439.2";4.48;0.00460540932858753
"ENSG00000259490.2";-3.28;0.00681783866532286
"ENSG00000259663.2";-2.18;0.00624246851931027
"ENSG00000259807.2";1.52;0.00080669014432495
"ENSG00000259969.1";-1.7;0.00339760890047586
"ENSG00000260197.1";-1.62;0.00497938248508911
"ENSG00000260230.5";-3.35;0.00542408163519342
"ENSG00000261123.1";1.51;0.00268372861281331
"ENSG00000261357.1";2.19;0.00188804509551414
"ENSG00000261373.1";1.85;0.00143599897014294
"ENSG00000261390.6";-1.55;0.000573721468643536
"ENSG00000262001.1";1.82;0.0037681474722204
"ENSG00000262097.2";-1.6;0.000355533062841591
"ENSG00000262152.7";1.55;0.00391675929378694
"ENSG00000262179.3";-2.06;0.00109337504310084
"ENSG00000262585.1";2.77;0.00261249194262384
"ENSG00000263155.6";-1.75;0.000173180379471518
"ENSG00000263325.1";1.91;0.00107378721759667
"ENSG00000263400.8";-1.71;0.00142672938514588
"ENSG00000263513.5";2.24;0.000276002138410599
"ENSG00000265369.3";-3.2;0.00758315239885867
"ENSG00000266835.6";1.71;0.000217757493960549
"ENSG00000267082.1";-1.96;0.00338314724065824
"ENSG00000267405.1";-1.85;0.00836268154270338
"ENSG00000267530.3";1.8;0.0061094981114521
"ENSG00000267640.6";-2.23;0.00123852058666163
"ENSG00000267751.5";1.66;0.000484175775281884
"ENSG00000267892.1";2.59;0.00562855348779423
"ENSG00000268388.6";-1.91;0.000818631987551691
"ENSG00000268505.1";-1.72;0.00637457644612734
"ENSG00000268555.2";-3.07;0.000253817218727571
"ENSG00000268756.1";2.57;0.00536784555697006
"ENSG00000268812.3";2.24;0.00312184889501233
"ENSG00000270547.6";2.38;0.00024006134075618
"ENSG00000270977.2";2.45;0.00141326084963445
"ENSG00000271013.1";2.19;0.00424524863055886
"ENSG00000271130.1";-2.65;0.00834132363564359
"ENSG00000271178.1";-2.38;0.00745979040252345
"ENSG00000271375.1";-2.49;0.00333895249552993
"ENSG00000271781.1";1.62;0.00207522504036242
"ENSG00000271936.1";1.57;4.45623850424495e-05
"ENSG00000272068.1";1.99;0.00189913786227113
"ENSG00000272143.1";-1.96;0.00169252617175756
"ENSG00000272205.1";1.58;0.000132767848074082
"ENSG00000272405.1";1.55;0.00443850611378965
"ENSG00000272463.1";-2.08;0.00536050950749643
"ENSG00000272631.1";-1.91;0.00942456475164322
"ENSG00000272711.1";1.77;0.000609325387005399
"ENSG00000272763.1";1.99;0.00027722164097379
"ENSG00000272870.3";-1.52;0.00368799408062055
"ENSG00000272944.1";-1.73;0.00816622836390671
"ENSG00000273199.1";-1.57;0.00102502896217038
"ENSG00000273733.1";-2.51;0.00311027310661559
"ENSG00000274641.2";1.6;0.00326545501368166
"ENSG00000274976.1";1.6;0.00289620275137031
"ENSG00000275325.4";-1.97;0.00183825898480899
"ENSG00000275437.1";1.57;0.00411016018674491
"ENSG00000276043.5";1.94;4.87352588929631e-05
"ENSG00000276141.4";-1.57;0.00632797418343025
"ENSG00000276386.1";-1.61;0.00764402081284585
"ENSG00000277632.2";1.73;0.00995837877636176
"ENSG00000277840.1";1.56;0.00720566361647171
"ENSG00000278023.7";1.64;0.000748751504949294
"ENSG00000278058.1";-1.51;0.00464757294665147
"ENSG00000278192.1";1.66;0.00726004282396865
"ENSG00000278266.1";2.09;0.00495002108297147
"ENSG00000278857.1";-2.68;0.00352473569257913
"ENSG00000278934.1";-2.15;0.00219328899843253
"ENSG00000279026.1";-1.55;0.00810614603322629
"ENSG00000280339.1";-1.5;0.00272087028621621
"ENSG00000281406.2";2.83;0.00727278046948312
"ENSG00000282556.3";-3.02;0.00445079276274785
"ENSG00000282840.1";-2.32;0.00795912877033138
"ENSG00000283288.1";-1.85;0.00777705264079328
"ENSG00000283633.1";-1.55;0.000854067936399097
"ENSG00000283906.1";-2.99;0.0048629721383222
"ENSG00000284543.1";2.39;0.00669679495677711
"ENSG00000284946.1";1.59;0.000309245918808186
"ENSG00000285278.1";1.93;4.57237557198865e-05
"ENSG00000285280.2";1.61;0.000588730374344413
"ENSG00000285857.1";1.52;0.00712432680535004
"ENSG00000286207.1";1.57;0.00235803829183567
"ENSG00000286449.1";-2.17;0.00904484071065681
"ENSG00000286705.1";-1.93;0.000222382094032878
"ENSG00000286848.1";-2.7;0.00227885141052776
"ENSG00000287059.1";-1.72;0.00138125711075096
"ENSG00000287115.1";-1.85;0.000113533242262976
"ENSG00000287271.1";-1.65;0.00355255715371793
"ENSG00000287620.1";-1.56;0.00177528672646205
"ENSG00000287721.1";1.67;0.00906806682004152
"ENSG00000287828.1";2.14;0.0092762658996462
"ENSG00000287837.1";1.5;0.000298126628270821
"ENSG00000287839.1";1.65;0.00270951941795916
